repertoire_id,filename,label_positive
44967b361684556629a8b61288daf20c,44967b361684556629a8b61288daf20c.tsv,True
36c146e43178cc60d3694117e85cf8f0,36c146e43178cc60d3694117e85cf8f0.tsv,False
90e072812957e184a00d7dd6e6fc1113,90e072812957e184a00d7dd6e6fc1113.tsv,False
e067bc70fd5eb332289ab527ee07b10e,e067bc70fd5eb332289ab527ee07b10e.tsv,True
e23d10263fd2069cdf5d7033532d11ad,e23d10263fd2069cdf5d7033532d11ad.tsv,False
b7d83c8a21101191d966f4f4b77cbdd4,b7d83c8a21101191d966f4f4b77cbdd4.tsv,False
a7884f7b291d299c33b4842924b48cf9,a7884f7b291d299c33b4842924b48cf9.tsv,True
fa7de15e4bb7abd6155f9a2a7c0069ac,fa7de15e4bb7abd6155f9a2a7c0069ac.tsv,False
58b814b6ac61deba62daf1aa4982a9ac,58b814b6ac61deba62daf1aa4982a9ac.tsv,True
aeecf5fd37fa2f1120f1dce8042e1b8f,aeecf5fd37fa2f1120f1dce8042e1b8f.tsv,True
0c11acf4b95d22feadc2a41ebe034ae0,0c11acf4b95d22feadc2a41ebe034ae0.tsv,False
d2939830eccbc0da2d98b50b93649b61,d2939830eccbc0da2d98b50b93649b61.tsv,False
7b1c67a25ad5268b8dd9b430c64ceda6,7b1c67a25ad5268b8dd9b430c64ceda6.tsv,True
cb76ea39c8e932c71ff3a9ec6859ab28,cb76ea39c8e932c71ff3a9ec6859ab28.tsv,True
0dd379d5b10327f94f1e865d1e000db9,0dd379d5b10327f94f1e865d1e000db9.tsv,False
11ecc506c8067938ea9a8d45e5c302d6,11ecc506c8067938ea9a8d45e5c302d6.tsv,False
c3db399bcaa57a640cfa2197d5889e90,c3db399bcaa57a640cfa2197d5889e90.tsv,False
801a42b83e28a8abef096659c15647b8,801a42b83e28a8abef096659c15647b8.tsv,True
3078992db1dcc2f3888903bbdce2627a,3078992db1dcc2f3888903bbdce2627a.tsv,False
100b244f58fbff64ca366d6573c51a53,100b244f58fbff64ca366d6573c51a53.tsv,True
376eaba98c9075b304b6fcb0af21404d,376eaba98c9075b304b6fcb0af21404d.tsv,True
8f70f03f0c19b6c6116fec0064c33018,8f70f03f0c19b6c6116fec0064c33018.tsv,False
53e2ff0f5115c3aba57e248157dcbe3b,53e2ff0f5115c3aba57e248157dcbe3b.tsv,True
fa06a47898cc95c9b051114b955be774,fa06a47898cc95c9b051114b955be774.tsv,True
615acd294ac096d6db4e2697b1e0150f,615acd294ac096d6db4e2697b1e0150f.tsv,False
187dffcf7efc2fd3526e34f9d78ac420,187dffcf7efc2fd3526e34f9d78ac420.tsv,False
5be06d10bdbd6b18dfe6fd69f3beb702,5be06d10bdbd6b18dfe6fd69f3beb702.tsv,True
19adbfee7245f392b08a703f7fa46c78,19adbfee7245f392b08a703f7fa46c78.tsv,True
d6434c563b0afed2404f1e2bf3a53173,d6434c563b0afed2404f1e2bf3a53173.tsv,True
e826140e8025b12b82aa7f74873e972d,e826140e8025b12b82aa7f74873e972d.tsv,False
971bfe0927d4d6891088232a31a5b91d,971bfe0927d4d6891088232a31a5b91d.tsv,False
c985b7f6997595c460385643fc8f5334,c985b7f6997595c460385643fc8f5334.tsv,False
062f34ec8cda4ba197bf953483c00669,062f34ec8cda4ba197bf953483c00669.tsv,False
1c379d4c42fabedc505d187ed9b20537,1c379d4c42fabedc505d187ed9b20537.tsv,True
b57437861d02fa07172ae0d1b2c1aa77,b57437861d02fa07172ae0d1b2c1aa77.tsv,True
694a8a3b58cc4ebb6006ec8f6a96495d,694a8a3b58cc4ebb6006ec8f6a96495d.tsv,False
922d17f1c6b09a5594e1e047911e99bf,922d17f1c6b09a5594e1e047911e99bf.tsv,True
c5d62c7b7712c4d58cb10fa139959fde,c5d62c7b7712c4d58cb10fa139959fde.tsv,True
2fa198e004f071652ae09467ddece50a,2fa198e004f071652ae09467ddece50a.tsv,False
5b9661e23add903b72070982b8d728c1,5b9661e23add903b72070982b8d728c1.tsv,False
255037f118677027547599653fcfa2bd,255037f118677027547599653fcfa2bd.tsv,False
3b19745072ec2286d4ef0e1b272156e8,3b19745072ec2286d4ef0e1b272156e8.tsv,False
a96469b51f8746343d50e758bf7e271f,a96469b51f8746343d50e758bf7e271f.tsv,False
4358c9cdee297ceaddbbde84be619f4d,4358c9cdee297ceaddbbde84be619f4d.tsv,True
80148e109316ddc633c085fbccd9d9bc,80148e109316ddc633c085fbccd9d9bc.tsv,True
6358940a0912e4793316acf8ee03decf,6358940a0912e4793316acf8ee03decf.tsv,False
cb0f7bc57b0fd6a8b30566de9e909323,cb0f7bc57b0fd6a8b30566de9e909323.tsv,True
f98c0f269d2cb5ec4d3d365eba39e063,f98c0f269d2cb5ec4d3d365eba39e063.tsv,False
ed0e20e1bc5c11bf2eefbd8c2efb2a9d,ed0e20e1bc5c11bf2eefbd8c2efb2a9d.tsv,True
2ccbf7fba17e94b679d76d1b45258b19,2ccbf7fba17e94b679d76d1b45258b19.tsv,False
8791f36522e7a29245a5ac4fcd8712d4,8791f36522e7a29245a5ac4fcd8712d4.tsv,True
3c9929bbe61c424b847f07a671382d86,3c9929bbe61c424b847f07a671382d86.tsv,False
b9d3b89798f5e1e79a011bd3a3793919,b9d3b89798f5e1e79a011bd3a3793919.tsv,True
8d3f4228974665d77b59dcd9880fdfea,8d3f4228974665d77b59dcd9880fdfea.tsv,True
f0b7f69aedcbf3b13c613ccf93266e32,f0b7f69aedcbf3b13c613ccf93266e32.tsv,True
b7d3311693a21336222fa5d28f9c9d13,b7d3311693a21336222fa5d28f9c9d13.tsv,True
7fce1a0a742138aacf049a09cf13da4c,7fce1a0a742138aacf049a09cf13da4c.tsv,True
2cdfe4f4fb6af156b3c78af26054a031,2cdfe4f4fb6af156b3c78af26054a031.tsv,True
b95c26f9060b017121ae2f363de3e758,b95c26f9060b017121ae2f363de3e758.tsv,True
8aad5085129d8454bff75ddc03392569,8aad5085129d8454bff75ddc03392569.tsv,True
791e2ef29e919c2634d9684e8a7c62d3,791e2ef29e919c2634d9684e8a7c62d3.tsv,False
a02a4e29e0bab673383c845b6de9363e,a02a4e29e0bab673383c845b6de9363e.tsv,True
e9b2228236291c04b83a0e1940e78cad,e9b2228236291c04b83a0e1940e78cad.tsv,True
852af6077b8338cf6fc426db6f1e0ebc,852af6077b8338cf6fc426db6f1e0ebc.tsv,False
0444bd022971b4560d9db23e459a28f4,0444bd022971b4560d9db23e459a28f4.tsv,True
43be7f13fe353d8efa7f5003165358e0,43be7f13fe353d8efa7f5003165358e0.tsv,False
141714efc56d08c1a30781990b95bfb1,141714efc56d08c1a30781990b95bfb1.tsv,False
da525339b2bf65f5590bc2fdea3cad5a,da525339b2bf65f5590bc2fdea3cad5a.tsv,True
fb9892a957e7cd3b8c54fd186d715b68,fb9892a957e7cd3b8c54fd186d715b68.tsv,True
8c98426fd7a2d708a199f3591da9aacc,8c98426fd7a2d708a199f3591da9aacc.tsv,True
a7207435b247ff50b4612c0107e76ebd,a7207435b247ff50b4612c0107e76ebd.tsv,False
3767fec532137831885b66722efce4b5,3767fec532137831885b66722efce4b5.tsv,True
8a1de739f1de65bd3d0d0c677721077a,8a1de739f1de65bd3d0d0c677721077a.tsv,True
3bbf19269d7329a2c801c990dea9ea71,3bbf19269d7329a2c801c990dea9ea71.tsv,False
37d346114354826453a126f8c30f0aef,37d346114354826453a126f8c30f0aef.tsv,False
552a22fc284d58fab4ac0de92ae574e3,552a22fc284d58fab4ac0de92ae574e3.tsv,False
c945a14f97d33fe15c418d100d0c96bf,c945a14f97d33fe15c418d100d0c96bf.tsv,True
bd58795773ae21095f11369e53699838,bd58795773ae21095f11369e53699838.tsv,False
5c3f2c657d4fbbf4c8efdcedbd80de9a,5c3f2c657d4fbbf4c8efdcedbd80de9a.tsv,False
3f00f8f8ad5d09ac7e89f72901bf3bfb,3f00f8f8ad5d09ac7e89f72901bf3bfb.tsv,True
a81702eab098ce00ee16ca1476f2c3dc,a81702eab098ce00ee16ca1476f2c3dc.tsv,False
b1329edb738f531b63959b7914400580,b1329edb738f531b63959b7914400580.tsv,False
b5f8f1727b1d189f3abb361db95b42cf,b5f8f1727b1d189f3abb361db95b42cf.tsv,True
5588ec125be837e736696f613d14e287,5588ec125be837e736696f613d14e287.tsv,True
07ac7668d25f376f86eb1c0d56546680,07ac7668d25f376f86eb1c0d56546680.tsv,False
07f46315d5bb2129080bc4ed4e29c724,07f46315d5bb2129080bc4ed4e29c724.tsv,True
51515953fced459ddb19343d4f5534f8,51515953fced459ddb19343d4f5534f8.tsv,True
384d1cde718d678ea4b843efba9ce207,384d1cde718d678ea4b843efba9ce207.tsv,True
d237dc78d8c5a0be5a572958b54daa8e,d237dc78d8c5a0be5a572958b54daa8e.tsv,True
dbc7644a5fdae892bb9b5e999cc2a9eb,dbc7644a5fdae892bb9b5e999cc2a9eb.tsv,False
4e443dba2c058c53884f3b0d0e387fc9,4e443dba2c058c53884f3b0d0e387fc9.tsv,True
0cc84c84c5d7084241a2ef954d744a6f,0cc84c84c5d7084241a2ef954d744a6f.tsv,False
3e124114b9f91cf16b574b345d66675d,3e124114b9f91cf16b574b345d66675d.tsv,False
ec0f8cb6dd5ab18a4ba2df28bbd7d9d9,ec0f8cb6dd5ab18a4ba2df28bbd7d9d9.tsv,False
c7204061ef48a9c75147f1485986347d,c7204061ef48a9c75147f1485986347d.tsv,False
2c65ef1f4fd1744fc8177cc73f63f589,2c65ef1f4fd1744fc8177cc73f63f589.tsv,False
f87c769dcd837ce9b49e60fd772472ef,f87c769dcd837ce9b49e60fd772472ef.tsv,False
0f5bbbef3e52a26f7544ef446a240ce4,0f5bbbef3e52a26f7544ef446a240ce4.tsv,True
d0b7d467a94dfc96e1854a32dbd4da25,d0b7d467a94dfc96e1854a32dbd4da25.tsv,False
aaf4df6e8ca57a1d2d98b8797d3df080,aaf4df6e8ca57a1d2d98b8797d3df080.tsv,True
03ad9fa7ca5f3037b4188b3dd66fff9e,03ad9fa7ca5f3037b4188b3dd66fff9e.tsv,True
a9aa80c1818756b89b9163e14fce4bd4,a9aa80c1818756b89b9163e14fce4bd4.tsv,False
be35f6869d49ea90991935020dbbd520,be35f6869d49ea90991935020dbbd520.tsv,True
e954782681307075afff9012fd12a496,e954782681307075afff9012fd12a496.tsv,True
c4f67314b934745f697fedb7a240233d,c4f67314b934745f697fedb7a240233d.tsv,False
76195378f639fe6c638e1bd6da9a9955,76195378f639fe6c638e1bd6da9a9955.tsv,False
cf19900fb732aa1e15cde5afb8e70243,cf19900fb732aa1e15cde5afb8e70243.tsv,True
78d6a5684c19f5c642929835192f1997,78d6a5684c19f5c642929835192f1997.tsv,True
1bd269e2d8cf565f1e9daaa9c32d0b17,1bd269e2d8cf565f1e9daaa9c32d0b17.tsv,True
f8efca68cb35d7cc103b438d8acfe281,f8efca68cb35d7cc103b438d8acfe281.tsv,False
a3b8ef1675f2fab430f6d07847a3f70e,a3b8ef1675f2fab430f6d07847a3f70e.tsv,False
5b7ac20dd651019b082f4e3f81dabe95,5b7ac20dd651019b082f4e3f81dabe95.tsv,True
7f5ece687f142dce95ce40ec1f254f0f,7f5ece687f142dce95ce40ec1f254f0f.tsv,True
d4cbdc127681770ff970beea56c76106,d4cbdc127681770ff970beea56c76106.tsv,False
8c458f7ea2d16143881c7f31a23981d3,8c458f7ea2d16143881c7f31a23981d3.tsv,False
aa6d48bf8a32c073f5d2995cfc9084f8,aa6d48bf8a32c073f5d2995cfc9084f8.tsv,True
f44a0550244c284b87b67056098dfc5d,f44a0550244c284b87b67056098dfc5d.tsv,False
0c13f497197203cb63474ad40241d3f6,0c13f497197203cb63474ad40241d3f6.tsv,False
df72817bd722c041d0986c05ab0382db,df72817bd722c041d0986c05ab0382db.tsv,False
06bfebb1ed62aba58fb3546b93aca7cf,06bfebb1ed62aba58fb3546b93aca7cf.tsv,False
088ba553742fe4e236f11c09d24a04ce,088ba553742fe4e236f11c09d24a04ce.tsv,False
1f5a26a28d2727a41f3590c886007d97,1f5a26a28d2727a41f3590c886007d97.tsv,False
3cdd875e5f7b3808f39ab765044f6232,3cdd875e5f7b3808f39ab765044f6232.tsv,True
24174aaf0db41278c203c1680b81dcd3,24174aaf0db41278c203c1680b81dcd3.tsv,False
f5b7222e22a7cf05c730a1275753a334,f5b7222e22a7cf05c730a1275753a334.tsv,False
62604ba33a340171638c5e85f5bdcd10,62604ba33a340171638c5e85f5bdcd10.tsv,True
8fb02b9a5d43405655a15db77a16c20a,8fb02b9a5d43405655a15db77a16c20a.tsv,False
cc53311a2baf0af1e0b28323b03f55f2,cc53311a2baf0af1e0b28323b03f55f2.tsv,True
9552d61e79daa414f39cc0423dfccca9,9552d61e79daa414f39cc0423dfccca9.tsv,False
cf9263763839df4ba91c08d6d334b793,cf9263763839df4ba91c08d6d334b793.tsv,True
2e5f5090f494e82c5f51c5367d6bd9f8,2e5f5090f494e82c5f51c5367d6bd9f8.tsv,True
6a8eaef6347bee65f3947cfa602273f9,6a8eaef6347bee65f3947cfa602273f9.tsv,False
f4015b3d23753699082f3cef928097d2,f4015b3d23753699082f3cef928097d2.tsv,True
212fb0e8018f924b090889bd81454111,212fb0e8018f924b090889bd81454111.tsv,False
e3486b556ffc7628088fa6545de568cb,e3486b556ffc7628088fa6545de568cb.tsv,False
053dbaa68db2e883853c215fccf0ad71,053dbaa68db2e883853c215fccf0ad71.tsv,True
b541ea56638c7705c3b22ab0ec6d76f6,b541ea56638c7705c3b22ab0ec6d76f6.tsv,False
55c1052c4bb3e51d637fae292fa88e15,55c1052c4bb3e51d637fae292fa88e15.tsv,True
b9be0aeae4943e0740e6a35b17f0f471,b9be0aeae4943e0740e6a35b17f0f471.tsv,False
1652d4945a0cf7e9568bfadd8f2220cc,1652d4945a0cf7e9568bfadd8f2220cc.tsv,False
044a43c4f67c064790a94a3c220eca8d,044a43c4f67c064790a94a3c220eca8d.tsv,True
f5325def24f43f6ad081418a7b1a625a,f5325def24f43f6ad081418a7b1a625a.tsv,False
12ca9bced87ff25acd1ec4d2c7f4e467,12ca9bced87ff25acd1ec4d2c7f4e467.tsv,True
1203a44f2c646973a287e7688d0243c2,1203a44f2c646973a287e7688d0243c2.tsv,False
354264406eea6f987d6aa66f40daa7a6,354264406eea6f987d6aa66f40daa7a6.tsv,False
fe54429616b0966531126a33d1a451b6,fe54429616b0966531126a33d1a451b6.tsv,True
37b4042cef7f44d874f1084f2471a9e5,37b4042cef7f44d874f1084f2471a9e5.tsv,True
d500947372d21583160c7382ee66c770,d500947372d21583160c7382ee66c770.tsv,True
41ec6dedded9120368018b101a3a6bfb,41ec6dedded9120368018b101a3a6bfb.tsv,False
eaecd4964410dd426f298354cae0a351,eaecd4964410dd426f298354cae0a351.tsv,True
73699aa718510388f13925f6d2c90cf0,73699aa718510388f13925f6d2c90cf0.tsv,True
85330366a1423d8c58d7a996c4792037,85330366a1423d8c58d7a996c4792037.tsv,False
439e39df25fd0dea1e8fef62764d8e8e,439e39df25fd0dea1e8fef62764d8e8e.tsv,True
54f711f46f6e7f1e476c9b3abd96fb26,54f711f46f6e7f1e476c9b3abd96fb26.tsv,False
2f95ef4d48b9f91a77a6b996f632d6e2,2f95ef4d48b9f91a77a6b996f632d6e2.tsv,True
5b152fe4538d1747d8c1b72861c753e0,5b152fe4538d1747d8c1b72861c753e0.tsv,True
d3315209674aac00c17b89367a671949,d3315209674aac00c17b89367a671949.tsv,False
e0a34c5fd7b33f27bbfd0cbfd4347184,e0a34c5fd7b33f27bbfd0cbfd4347184.tsv,False
1298dec788249af46d73a80c477c2ac0,1298dec788249af46d73a80c477c2ac0.tsv,False
c051d5f4d42d419d7d39f10a4494eb21,c051d5f4d42d419d7d39f10a4494eb21.tsv,False
524908fdc4caff34d60c73f6934013df,524908fdc4caff34d60c73f6934013df.tsv,True
cc28838d67dec964513ed806d5411f01,cc28838d67dec964513ed806d5411f01.tsv,True
d7e94ed05805329edbde6a5981769f76,d7e94ed05805329edbde6a5981769f76.tsv,False
228f2d00a02d097efc9515e0fef2a91c,228f2d00a02d097efc9515e0fef2a91c.tsv,True
412104b01cf33dd2d13d60cc395a99ec,412104b01cf33dd2d13d60cc395a99ec.tsv,True
55ca8414f93cd4d5f1d177c18b4951c9,55ca8414f93cd4d5f1d177c18b4951c9.tsv,False
3fab1f10ed1d95e9aa469cccb478daef,3fab1f10ed1d95e9aa469cccb478daef.tsv,False
cf67bb1bceeb026c6a6c0ab7c67f4bd3,cf67bb1bceeb026c6a6c0ab7c67f4bd3.tsv,True
cfd0932bba1b2934e7360bc923b5a285,cfd0932bba1b2934e7360bc923b5a285.tsv,True
b7eabeef07e66d32b2b9010d056990a2,b7eabeef07e66d32b2b9010d056990a2.tsv,True
a16ab23bc7c7cc48e97310818f712d92,a16ab23bc7c7cc48e97310818f712d92.tsv,False
aeb8b0f1433f10cd6b75a36225e53e70,aeb8b0f1433f10cd6b75a36225e53e70.tsv,False
e25d8db54cf340c704762bee9589471f,e25d8db54cf340c704762bee9589471f.tsv,True
95ee74736a7a05296253f073ec9d5094,95ee74736a7a05296253f073ec9d5094.tsv,True
b235c8321c3ddcf4e8a02c6301164920,b235c8321c3ddcf4e8a02c6301164920.tsv,False
82df7f5c2615eb0b1abb19849dbb7397,82df7f5c2615eb0b1abb19849dbb7397.tsv,False
10e085a0fc168c084342019e80bd5080,10e085a0fc168c084342019e80bd5080.tsv,True
d28240eae0349a2f4cf822f05dc9dff0,d28240eae0349a2f4cf822f05dc9dff0.tsv,True
897d7ffba522fc89e8c8223ebe1bb7c5,897d7ffba522fc89e8c8223ebe1bb7c5.tsv,False
81e0fdff1a689ab7ee3c2e597b8db783,81e0fdff1a689ab7ee3c2e597b8db783.tsv,False
8078173000ad22aa704d40e3ef0a5d9a,8078173000ad22aa704d40e3ef0a5d9a.tsv,False
2bcc59a7565369ccc00dc4daf582ecf5,2bcc59a7565369ccc00dc4daf582ecf5.tsv,False
e4495190cefad21db064c05d843f7bb6,e4495190cefad21db064c05d843f7bb6.tsv,True
23d2a5850846e00c5cfee7f0ef9ea1b7,23d2a5850846e00c5cfee7f0ef9ea1b7.tsv,True
76b05baba5d0d89fde0c344df875b9d3,76b05baba5d0d89fde0c344df875b9d3.tsv,False
37c0d0668d328dd90206a07a0e562e9d,37c0d0668d328dd90206a07a0e562e9d.tsv,True
84561c1c671f98cd66d548d37f77a4a3,84561c1c671f98cd66d548d37f77a4a3.tsv,False
9786b6934b3a33cb59bf4c0501678eba,9786b6934b3a33cb59bf4c0501678eba.tsv,False
86084011dadaabf6af279976cf2c13f8,86084011dadaabf6af279976cf2c13f8.tsv,True
49e552c660550a4b6616d1125232c098,49e552c660550a4b6616d1125232c098.tsv,False
2809ef43595eb7571b606ab12a707097,2809ef43595eb7571b606ab12a707097.tsv,True
f53b4cbe17a717c8f4147657e728ad78,f53b4cbe17a717c8f4147657e728ad78.tsv,True
a5b4ede503a5396131b4ba3be500bccc,a5b4ede503a5396131b4ba3be500bccc.tsv,False
d273887f047cfb69aaf06ad6777a703e,d273887f047cfb69aaf06ad6777a703e.tsv,False
746fb068db584dbd1c9f927bf2c50e06,746fb068db584dbd1c9f927bf2c50e06.tsv,False
d92d5febe655f292b99bbefbb7949039,d92d5febe655f292b99bbefbb7949039.tsv,True
4574d0c41fd0fe5c5d97a37cf8590de8,4574d0c41fd0fe5c5d97a37cf8590de8.tsv,True
c6038a49f183342a279eed17fa6e5b7a,c6038a49f183342a279eed17fa6e5b7a.tsv,True
f5ae40ca5c891e3b30b78d526e7d6f1d,f5ae40ca5c891e3b30b78d526e7d6f1d.tsv,True
88eb15ea37ae775c88ccc6d59790c58b,88eb15ea37ae775c88ccc6d59790c58b.tsv,False
49272837bd8dabe36a4092d2a88a6f84,49272837bd8dabe36a4092d2a88a6f84.tsv,False
e4f3547b6bc1517ff6ca0543cff90bd5,e4f3547b6bc1517ff6ca0543cff90bd5.tsv,True
6f00f813a0954ffdb70b50981c8b3643,6f00f813a0954ffdb70b50981c8b3643.tsv,False
30851ec0da0c495d8dcb25b9df1472d8,30851ec0da0c495d8dcb25b9df1472d8.tsv,False
609ea9bebb0c1c1c91bc682d11cff480,609ea9bebb0c1c1c91bc682d11cff480.tsv,False
2a76e5b29ee3f7c69f9cf1631ced6471,2a76e5b29ee3f7c69f9cf1631ced6471.tsv,False
7605964ec590259ae776bbbb13acd144,7605964ec590259ae776bbbb13acd144.tsv,True
7f59f79a0b19254c07cacc17c8d5a9ba,7f59f79a0b19254c07cacc17c8d5a9ba.tsv,False
3c7b5a564b95f9bad3d8b287232fb37e,3c7b5a564b95f9bad3d8b287232fb37e.tsv,True
90307d840a63d4c5f956bb719688b097,90307d840a63d4c5f956bb719688b097.tsv,False
d6d56306cc49a2c5afbc8b2697dbecdb,d6d56306cc49a2c5afbc8b2697dbecdb.tsv,True
13da3ba3ea412d02d21deb7d56b8ea05,13da3ba3ea412d02d21deb7d56b8ea05.tsv,True
a618cd19a0b4a84817e0136e3672a19c,a618cd19a0b4a84817e0136e3672a19c.tsv,True
9a838297a455a1afda142aa7da18cfe9,9a838297a455a1afda142aa7da18cfe9.tsv,True
cf737e3013fef99060b44d5d736d3264,cf737e3013fef99060b44d5d736d3264.tsv,True
0cbcdae2efdf599c2bdb0971a2b719df,0cbcdae2efdf599c2bdb0971a2b719df.tsv,False
b1d8e43e924f2eaabd9177d01b7f5b5d,b1d8e43e924f2eaabd9177d01b7f5b5d.tsv,False
f018563387a6653b7f6643bade5050c7,f018563387a6653b7f6643bade5050c7.tsv,False
d6662c8062e57ab91431d72b55eb42b5,d6662c8062e57ab91431d72b55eb42b5.tsv,True
c1351f1144bb1f889d8c56a1d815b1ce,c1351f1144bb1f889d8c56a1d815b1ce.tsv,False
694a35691543fba0d6051f9c5b72e939,694a35691543fba0d6051f9c5b72e939.tsv,False
f974e8c36991d2efadaed4107573bd78,f974e8c36991d2efadaed4107573bd78.tsv,True
3bece48bb760ba818b7edcd6980866ce,3bece48bb760ba818b7edcd6980866ce.tsv,True
a667ae14f4618386a231b8d6068dd8e2,a667ae14f4618386a231b8d6068dd8e2.tsv,False
5895c6bf6d4d1c9b1eda6214f29e76b9,5895c6bf6d4d1c9b1eda6214f29e76b9.tsv,False
c9cefb1bf5e17e6d84dfabf8e2cfb2c3,c9cefb1bf5e17e6d84dfabf8e2cfb2c3.tsv,False
91099fec4b5e7cadf356a0c277a60cbb,91099fec4b5e7cadf356a0c277a60cbb.tsv,True
aa49cc426acc382d9c42fa3e1b22f2e8,aa49cc426acc382d9c42fa3e1b22f2e8.tsv,False
fe7cce8dbe00a6ad4337d71721322efa,fe7cce8dbe00a6ad4337d71721322efa.tsv,True
d517f74242c111e590323f0cd8e9eee5,d517f74242c111e590323f0cd8e9eee5.tsv,False
4dbafa5df700d1821222491e9ac519ba,4dbafa5df700d1821222491e9ac519ba.tsv,False
1ce953ec0c96cb271411103edbee272d,1ce953ec0c96cb271411103edbee272d.tsv,True
30b990219f73e889870a00506f982ea4,30b990219f73e889870a00506f982ea4.tsv,False
e931c09b405873019e0e3c38a057eaf5,e931c09b405873019e0e3c38a057eaf5.tsv,False
ee6de3ecfb8cd374363f909999732e57,ee6de3ecfb8cd374363f909999732e57.tsv,False
f7b52be40a1055ffa12b2dacb71e41b8,f7b52be40a1055ffa12b2dacb71e41b8.tsv,True
6f8886c96fb2e10c0cb46ed2e828c2b6,6f8886c96fb2e10c0cb46ed2e828c2b6.tsv,True
bb632bf348569d46d4531a80b35ea371,bb632bf348569d46d4531a80b35ea371.tsv,False
9d47eaabc03b523a030e140ea9be1b5d,9d47eaabc03b523a030e140ea9be1b5d.tsv,True
3fbef252fd84a03b8dc4d91260e85e67,3fbef252fd84a03b8dc4d91260e85e67.tsv,False
26c4856de5f14298b946041d17fc864f,26c4856de5f14298b946041d17fc864f.tsv,True
0874872f4bfbff1e651c0fe7de177ea1,0874872f4bfbff1e651c0fe7de177ea1.tsv,False
38db18b867a21afc6d3ce7883d2a3a30,38db18b867a21afc6d3ce7883d2a3a30.tsv,True
b4e1847a2bd3fdb9c30ba6bc1f6552f5,b4e1847a2bd3fdb9c30ba6bc1f6552f5.tsv,False
ed1ca3bf43781d3d6a79339839c6371a,ed1ca3bf43781d3d6a79339839c6371a.tsv,True
224b22448b9205b51bf445a3f72a3903,224b22448b9205b51bf445a3f72a3903.tsv,False
9e8b11ccc2b584267082456db22bed7e,9e8b11ccc2b584267082456db22bed7e.tsv,False
337772c975f05ef997bc7da2a90b50f8,337772c975f05ef997bc7da2a90b50f8.tsv,False
2aac3ffadb51369f57bbaf16cca30185,2aac3ffadb51369f57bbaf16cca30185.tsv,True
bedd451fdd8f7d310b0ef173cdf0d123,bedd451fdd8f7d310b0ef173cdf0d123.tsv,True
184b1f6f0d9d31d0dcbea62e892a7045,184b1f6f0d9d31d0dcbea62e892a7045.tsv,True
8566cb87c85171ca6f39894dc995f551,8566cb87c85171ca6f39894dc995f551.tsv,True
58147fd6337416a57e7b4eb71e4cad01,58147fd6337416a57e7b4eb71e4cad01.tsv,False
3e377d97d253b230a46c32144f4d8707,3e377d97d253b230a46c32144f4d8707.tsv,True
5e57fa9319ce7055ee04f97285de3c24,5e57fa9319ce7055ee04f97285de3c24.tsv,False
f3abfd7f92d25ca38a37e032c3488f68,f3abfd7f92d25ca38a37e032c3488f68.tsv,False
768a820d13689f1f56ade34208414e16,768a820d13689f1f56ade34208414e16.tsv,False
079345f519c73836595374e2033ad926,079345f519c73836595374e2033ad926.tsv,True
daa0654f64e4b1dd4fd0e4881e32aed1,daa0654f64e4b1dd4fd0e4881e32aed1.tsv,False
737a3cc8213a843ad19cd349d9f3023c,737a3cc8213a843ad19cd349d9f3023c.tsv,False
d4926163f117124e7e9c9a43e3849750,d4926163f117124e7e9c9a43e3849750.tsv,True
4c5aa6322df7e321f74306ae49e72222,4c5aa6322df7e321f74306ae49e72222.tsv,True
19ac74b60be22cfe6ca0a37bfa1fc191,19ac74b60be22cfe6ca0a37bfa1fc191.tsv,False
29b50c1ecbf64d480bce2c6f4527bd59,29b50c1ecbf64d480bce2c6f4527bd59.tsv,True
e8329da6b3f840af5ccd9b4ed848bdc8,e8329da6b3f840af5ccd9b4ed848bdc8.tsv,False
77750865ae27635a4cf138ad7637fc87,77750865ae27635a4cf138ad7637fc87.tsv,True
afb7c668c6da2a2801bab3ce9c1c9662,afb7c668c6da2a2801bab3ce9c1c9662.tsv,True
33061d66d57fd6d32b11d0bb459917bf,33061d66d57fd6d32b11d0bb459917bf.tsv,False
6beefd83acfd4488b619d19868cb6e9e,6beefd83acfd4488b619d19868cb6e9e.tsv,False
ea866bf678e3c8422e0465544dbcb738,ea866bf678e3c8422e0465544dbcb738.tsv,True
fdda1d395843da98d22ee463020f6ac2,fdda1d395843da98d22ee463020f6ac2.tsv,True
8b5499e5ecc8db03f227e933d8a140a9,8b5499e5ecc8db03f227e933d8a140a9.tsv,False
a23b3300f5ae2dd9fb33a5ac4ba3a0a4,a23b3300f5ae2dd9fb33a5ac4ba3a0a4.tsv,False
59a6519031de02a84de90e967d3752e9,59a6519031de02a84de90e967d3752e9.tsv,True
55d74cf0e0cb126e4d922fabccf0f714,55d74cf0e0cb126e4d922fabccf0f714.tsv,True
4fab9ff2ff13ca24a5f43580777b29bd,4fab9ff2ff13ca24a5f43580777b29bd.tsv,False
275d1da829b67b1774f228259a4e98eb,275d1da829b67b1774f228259a4e98eb.tsv,True
4e5a44d3022e08c58e36a19d4130546d,4e5a44d3022e08c58e36a19d4130546d.tsv,True
31ad30f77dfce75824f827dffb1a5f6b,31ad30f77dfce75824f827dffb1a5f6b.tsv,False
f464f971d08eed52a56b82f9b9ff971b,f464f971d08eed52a56b82f9b9ff971b.tsv,False
485c8bfc8743dc05e2ec8d03a194332d,485c8bfc8743dc05e2ec8d03a194332d.tsv,False
95cd21b3c22b2c05d68cd6d2769720aa,95cd21b3c22b2c05d68cd6d2769720aa.tsv,False
8ca413e8382b879904c1fc313de64c7a,8ca413e8382b879904c1fc313de64c7a.tsv,False
3b6ab01a0936ba9fb87a5ec8b45845b3,3b6ab01a0936ba9fb87a5ec8b45845b3.tsv,False
2bc52b616b989497fa410eb9540f8c45,2bc52b616b989497fa410eb9540f8c45.tsv,False
f2adacc3667b3bcff87cf843fb2cc506,f2adacc3667b3bcff87cf843fb2cc506.tsv,False
936f46e8f01f05e8dae97df3df7d9e64,936f46e8f01f05e8dae97df3df7d9e64.tsv,True
35aa81972390cfd9a6e16c78964f4eb4,35aa81972390cfd9a6e16c78964f4eb4.tsv,False
55094aeeece710e9cc11be6995b914b3,55094aeeece710e9cc11be6995b914b3.tsv,False
e16939fe45b5502b6db74a00861278c4,e16939fe45b5502b6db74a00861278c4.tsv,True
9ea316ed328a915b0ec681e7ae0a7ce7,9ea316ed328a915b0ec681e7ae0a7ce7.tsv,True
2f4a692e54c1d67d4152cf7ff6ed7e97,2f4a692e54c1d67d4152cf7ff6ed7e97.tsv,True
10962f61c24f86b994d6ff6ce0815e48,10962f61c24f86b994d6ff6ce0815e48.tsv,False
46ac9cf1fae3b94202067052d0795e76,46ac9cf1fae3b94202067052d0795e76.tsv,True
ec0c139d31c35f17d92bff53b359f1e5,ec0c139d31c35f17d92bff53b359f1e5.tsv,False
a662e737ad76906cfa8158a56e6466f0,a662e737ad76906cfa8158a56e6466f0.tsv,True
cdd69bd7c71f30dbe215e9c6a2c36a77,cdd69bd7c71f30dbe215e9c6a2c36a77.tsv,True
e7792e3f4ede76e75ae86ef9eef80f3a,e7792e3f4ede76e75ae86ef9eef80f3a.tsv,False
015a2cf593865573208110600589964b,015a2cf593865573208110600589964b.tsv,True
c118a5e6fffa30b268395d9ed321a5ec,c118a5e6fffa30b268395d9ed321a5ec.tsv,False
c2121b55685d226d12dc8c3e6b92ea8b,c2121b55685d226d12dc8c3e6b92ea8b.tsv,True
d4d3cf264d04689aaf925fe5ae6184fd,d4d3cf264d04689aaf925fe5ae6184fd.tsv,False
1ac98b863bfd2a15acd833af82744a70,1ac98b863bfd2a15acd833af82744a70.tsv,False
b0eb0e2608abc7c36995db192dc9db1c,b0eb0e2608abc7c36995db192dc9db1c.tsv,False
f398c6fb07c113b61bcee5041a0d40ad,f398c6fb07c113b61bcee5041a0d40ad.tsv,False
6cb58b3059d51f4343a5a09a5d6b56de,6cb58b3059d51f4343a5a09a5d6b56de.tsv,True
e99f51f4639098cea4111d00b6f7a9b3,e99f51f4639098cea4111d00b6f7a9b3.tsv,True
4dd540c640cf1994a52b7f7e32729270,4dd540c640cf1994a52b7f7e32729270.tsv,True
c37f66703003989f1044c7a830743b44,c37f66703003989f1044c7a830743b44.tsv,True
fcab19504e8513b8725572f3d2ba0968,fcab19504e8513b8725572f3d2ba0968.tsv,False
1a83ed723d1fcaaff4a433c73b248297,1a83ed723d1fcaaff4a433c73b248297.tsv,True
6a19e74299615ce812332279f0ce4e09,6a19e74299615ce812332279f0ce4e09.tsv,False
3954300e95c3cc988b069774be657e3e,3954300e95c3cc988b069774be657e3e.tsv,False
a7ad7708ceb383d51c848659661b2da0,a7ad7708ceb383d51c848659661b2da0.tsv,True
010c35648700b4dcf7066a4a80ea7acb,010c35648700b4dcf7066a4a80ea7acb.tsv,True
e9c9a48eecb533458ed58d42f28dd7c3,e9c9a48eecb533458ed58d42f28dd7c3.tsv,False
76f892d157f883fad1fcf16440ca3660,76f892d157f883fad1fcf16440ca3660.tsv,True
64518cdb3bafc9c2f384daf1b3b045c9,64518cdb3bafc9c2f384daf1b3b045c9.tsv,True
cb274e82cca588f1d32e2fff692c72fd,cb274e82cca588f1d32e2fff692c72fd.tsv,True
9044a5a23b1aa89db5a785f4392dc9ff,9044a5a23b1aa89db5a785f4392dc9ff.tsv,False
d462f364fc95322c67beee4d77e092f1,d462f364fc95322c67beee4d77e092f1.tsv,True
d1aeeb848c882776a428ac3ce083edef,d1aeeb848c882776a428ac3ce083edef.tsv,False
bea6aa76769160c18ec9343ec8a6ceb6,bea6aa76769160c18ec9343ec8a6ceb6.tsv,True
198c36fe08434fe0e45d7c4f79b9dc6e,198c36fe08434fe0e45d7c4f79b9dc6e.tsv,True
a995d49b39c2d8d5455702431c54d3dd,a995d49b39c2d8d5455702431c54d3dd.tsv,True
493cc0b40b07fbee4329c822e5158ffc,493cc0b40b07fbee4329c822e5158ffc.tsv,False
b60981d6fa1b7db7a86ae8a58b8c5dd9,b60981d6fa1b7db7a86ae8a58b8c5dd9.tsv,True
b829c6e1047f81ec16b0333e5dd2c696,b829c6e1047f81ec16b0333e5dd2c696.tsv,False
2a326a9737117d110bb618bbc82d371e,2a326a9737117d110bb618bbc82d371e.tsv,True
15731125567458ff617c627ad16d909d,15731125567458ff617c627ad16d909d.tsv,False
51a00eb4b0cd9afdd62512c5c0aa27ff,51a00eb4b0cd9afdd62512c5c0aa27ff.tsv,True
342298753bae812b4343e328c321c5aa,342298753bae812b4343e328c321c5aa.tsv,False
e257f5889f38dbf7eb560efea37f19e1,e257f5889f38dbf7eb560efea37f19e1.tsv,True
9d53c2b46af7bc7a45c275974aca52d6,9d53c2b46af7bc7a45c275974aca52d6.tsv,True
5716ee01be4433917c92272984fd2b0a,5716ee01be4433917c92272984fd2b0a.tsv,False
d03d8ca267161461b451340f7b58af53,d03d8ca267161461b451340f7b58af53.tsv,False
2198e92b182aa9572de8233c1144242e,2198e92b182aa9572de8233c1144242e.tsv,False
cf614d108e2db691a8c72ffe82258169,cf614d108e2db691a8c72ffe82258169.tsv,True
1f10715364d1575f716033d862130fea,1f10715364d1575f716033d862130fea.tsv,True
b7b5b9f69288b017d97ea1832852c611,b7b5b9f69288b017d97ea1832852c611.tsv,True
52e957269a5628d1cc6c9b66b83b32be,52e957269a5628d1cc6c9b66b83b32be.tsv,True
67e4a332a876315142e0ed32dc13075a,67e4a332a876315142e0ed32dc13075a.tsv,True
58b7c12df2f182324327fa675f305128,58b7c12df2f182324327fa675f305128.tsv,True
36a9309ad307debf8d7bbfdb75535356,36a9309ad307debf8d7bbfdb75535356.tsv,True
9fab116d8804771b4b4506645342c658,9fab116d8804771b4b4506645342c658.tsv,True
705ae31a250e7a26a153c5c48c0b12bd,705ae31a250e7a26a153c5c48c0b12bd.tsv,True
1f4db3abfdff723fc8ac0d422d3c1842,1f4db3abfdff723fc8ac0d422d3c1842.tsv,True
bb0c7597d64836873eb6628e3b57cb7d,bb0c7597d64836873eb6628e3b57cb7d.tsv,True
17b392e5cbf6003e5d95814d47317c55,17b392e5cbf6003e5d95814d47317c55.tsv,True
8795a009d1f12a7b7529582c36022fc8,8795a009d1f12a7b7529582c36022fc8.tsv,True
ba6900f9a31fb8f81fc16326d2068952,ba6900f9a31fb8f81fc16326d2068952.tsv,False
97038de367286e5082009e18a58c3c79,97038de367286e5082009e18a58c3c79.tsv,False
ce9da199bc61fe916b9dba3eb7a7f340,ce9da199bc61fe916b9dba3eb7a7f340.tsv,False
1d11e00f9e68a505ed8427d5b15aef75,1d11e00f9e68a505ed8427d5b15aef75.tsv,False
be94897dcb211684ecfcd0a866781a7e,be94897dcb211684ecfcd0a866781a7e.tsv,True
0a234348d89116650fb06bf0820f8036,0a234348d89116650fb06bf0820f8036.tsv,False
33f9db8fe472d1ff0721a552481eb026,33f9db8fe472d1ff0721a552481eb026.tsv,True
a4e7b12b5748878713007012a4488e7f,a4e7b12b5748878713007012a4488e7f.tsv,False
43369107b0450833afd9ddde751870d7,43369107b0450833afd9ddde751870d7.tsv,False
6f9a384b3077de3acd4cc9d51628470d,6f9a384b3077de3acd4cc9d51628470d.tsv,False
a91a01618c8dc724c6a66d036d2c9b6c,a91a01618c8dc724c6a66d036d2c9b6c.tsv,False
e023bd9c36ea53a55664d475be06fda5,e023bd9c36ea53a55664d475be06fda5.tsv,True
e3946da4c4a5bb62fa8cf0b78cacf3d4,e3946da4c4a5bb62fa8cf0b78cacf3d4.tsv,True
e8f684531a3e20d0a73ab70c9d28009a,e8f684531a3e20d0a73ab70c9d28009a.tsv,False
e2a48e63f76cf05e5c242deda0edd931,e2a48e63f76cf05e5c242deda0edd931.tsv,False
953fe290d22df7715a7a13b22344ad53,953fe290d22df7715a7a13b22344ad53.tsv,False
6713a1e8ed2346029005133ef7b832b8,6713a1e8ed2346029005133ef7b832b8.tsv,True
ec7a2c1309d6af2c0bbf50b3d1da8137,ec7a2c1309d6af2c0bbf50b3d1da8137.tsv,True
d3492ca4178be30133ce6b08736397fc,d3492ca4178be30133ce6b08736397fc.tsv,False
c8e5911ddf2ea4d110d0917667dc5410,c8e5911ddf2ea4d110d0917667dc5410.tsv,True
f18f6aebf77419d54940d59d0fbe976d,f18f6aebf77419d54940d59d0fbe976d.tsv,True
f759c22dbeaa7a7a2de0c6b0c30432e5,f759c22dbeaa7a7a2de0c6b0c30432e5.tsv,True
ee5e511db46ae4391de5bd32b64a2301,ee5e511db46ae4391de5bd32b64a2301.tsv,False
9cf60cce042e034cd08165cca18eab63,9cf60cce042e034cd08165cca18eab63.tsv,True
9f4b506d2424cc6e8df512caa762fa4e,9f4b506d2424cc6e8df512caa762fa4e.tsv,False
e0a455472c4cd496337a07b4cb606215,e0a455472c4cd496337a07b4cb606215.tsv,True
43305a122a86447f68a1b863989f3298,43305a122a86447f68a1b863989f3298.tsv,False
302f3b83c92053b9d5764edd756f0d0d,302f3b83c92053b9d5764edd756f0d0d.tsv,True
37559ec160bcd8c9b4e9211fb1e3bfd0,37559ec160bcd8c9b4e9211fb1e3bfd0.tsv,True
ae9ca0235ad4ee6f615c7a991b41349b,ae9ca0235ad4ee6f615c7a991b41349b.tsv,True
e6d6c19227f1d5dd79665cd2b0945255,e6d6c19227f1d5dd79665cd2b0945255.tsv,True
26afa42a13283db7849b3cbbdc2f61dc,26afa42a13283db7849b3cbbdc2f61dc.tsv,True
674a12edec77fb477960b9d57ff010e6,674a12edec77fb477960b9d57ff010e6.tsv,False
946d181570ec653dc2f0106dbcd04303,946d181570ec653dc2f0106dbcd04303.tsv,False
f2fc608a518c5bd748f61cd8247ed351,f2fc608a518c5bd748f61cd8247ed351.tsv,True
f890e9e0fb41a8f1bcd167d36db97c85,f890e9e0fb41a8f1bcd167d36db97c85.tsv,True
446c1a299bcfa92fe69c03db41ca83b4,446c1a299bcfa92fe69c03db41ca83b4.tsv,False
71617b138f45d1b39d0fa913f7beae13,71617b138f45d1b39d0fa913f7beae13.tsv,False
4c25116bf83867e1ac114b7e5b19d817,4c25116bf83867e1ac114b7e5b19d817.tsv,True
f6645a0700628f8979c7067559356953,f6645a0700628f8979c7067559356953.tsv,False
4d67bc35141d1ff74dc8a3ae08c02ffb,4d67bc35141d1ff74dc8a3ae08c02ffb.tsv,False
c89ace3d4907c8490e907316291143a8,c89ace3d4907c8490e907316291143a8.tsv,False
3e42035f7f0d3144d590a35e20036e89,3e42035f7f0d3144d590a35e20036e89.tsv,False
c14bad7af35b7ea227ceb3cce4914d07,c14bad7af35b7ea227ceb3cce4914d07.tsv,True
776e1e9fa990889bc953b40e897aeb50,776e1e9fa990889bc953b40e897aeb50.tsv,False
e988d20a3220bd9e42dd2ffc69494a44,e988d20a3220bd9e42dd2ffc69494a44.tsv,False
13e226e6d6faba04bc8d8bc0fcc11453,13e226e6d6faba04bc8d8bc0fcc11453.tsv,True
598f42be71385009c9ad4acaa550bc60,598f42be71385009c9ad4acaa550bc60.tsv,True
cc7d00a4664633ec8c2026292fda850c,cc7d00a4664633ec8c2026292fda850c.tsv,False
34b4024d0778f9ecd241b1a969f7f10f,34b4024d0778f9ecd241b1a969f7f10f.tsv,True
